publication_title,print_identifier,online_identifier,date_first_issue_online,num_first_vol_online,num_first_issue_online,date_last_issue_online,num_last_vol_online,num_last_issue_online,title_url,first_author,title_id,embargo_info,coverage_depth,notes,publisher_name,publication_type,date_monograph_published_print,date_monograph_published_online,monograph_volume,monograph_edition,first_editor,parent_publication_title_id,preceding_publication_title_id,access_type
Advanced Robotics,0169-1864,1568-5535,1997-01,12,1,,,,https://www.tandfonline.com/openurl?genre=journal&stitle=tadr20,,tadr20,,fulltext,,Taylor & Francis,Serial,,,,,,,,P
Advances in Building Energy Research,1751-2549,1756-2201,2007-01,1,1,,,,https://www.tandfonline.com/openurl?genre=journal&stitle=taer20,,taer20,,fulltext,,Taylor & Francis,Serial,,,,,,,,P
Advances in Materials and Processing Technologies,2374-068X,2374-0698,2015-04,1,01-Feb,,,,https://www.tandfonline.com/openurl?genre=journal&stitle=tmpt20,,tmpt20,,fulltext,,Taylor & Francis,Serial,,,,,,,,P
Aerosol Science and Technology,0278-6826,1521-7388,1997-01,26,1,,,,https://www.tandfonline.com/openurl?genre=journal&stitle=uast20,,uast20,,fulltext,,Taylor & Francis,Serial,,,,,,,,P
Architectural Engineering and Design Management,1745-2007,1752-7589,2005-01,1,1,,,,https://www.tandfonline.com/openurl?genre=journal&stitle=taem20,,taem20,,fulltext,,Taylor & Francis,Serial,,,,,,,,P
Architectural Science Review,0003-8628,1758-9622,1997-01,40,sup1,,,,https://www.tandfonline.com/openurl?genre=journal&stitle=tasr20,,tasr20,,fulltext,,Taylor & Francis,Serial,,,,,,,,P
Assistive Technology,1040-0435,1949-3614,1997-06,9,1,,,,https://www.tandfonline.com/openurl?genre=journal&stitle=uaty20,,uaty20,,fulltext,,Taylor & Francis,Serial,,,,,,,,P
Australasian Journal of Engineering Education,2205-4952,1325-4340,2007-01,13,1,,,,https://www.tandfonline.com/openurl?genre=journal&stitle=teen20,,teen20,,fulltext,,Taylor & Francis,Serial,,,,,,,,P
Australasian Journal of Water Resources,1324-1583,2204-227X,2002-01,5,1,,,,https://www.tandfonline.com/openurl?genre=journal&stitle=twar20,,twar20,,fulltext,,Taylor & Francis,Serial,,,,,,,,P
Australian Journal of Civil Engineering,1448-8353,2204-2245,2003-01,1,1,,,,https://www.tandfonline.com/openurl?genre=journal&stitle=tcen20,,tcen20,,fulltext,,Taylor & Francis,Serial,,,,,,,,P
Australian Journal of Electrical and Electronics Engineering,1448-837X,2205-362X,2004-01,1,1,,,,https://www.tandfonline.com/openurl?genre=journal&stitle=tele20,,tele20,,fulltext,,Taylor & Francis,Serial,,,,,,,,P
Australian Journal of Mechanical Engineering,1448-4846,2204-2253,2003-01,1,1,,,,https://www.tandfonline.com/openurl?genre=journal&stitle=tmec20,,tmec20,,fulltext,,Taylor & Francis,Serial,,,,,,,,P
Australian Journal of Multi-Disciplinary Engineering,1448-8388,2204-2180,2003-01,1,1,,,,https://www.tandfonline.com/openurl?genre=journal&stitle=tmul20,,tmul20,,fulltext,,Taylor & Francis,Serial,,,,,,,,P
Australian Journal of Structural Engineering,1328-7982,2204-2261,2002-01,3,3,,,,https://www.tandfonline.com/openurl?genre=journal&stitle=tsen20,,tsen20,,fulltext,,Taylor & Francis,Serial,,,,,,,,P
Australian Surveyor,0005-0326,,1997-03,42,1,2003-06,48,1,https://www.tandfonline.com/openurl?genre=journal&stitle=tjss18,,tjss18,,fulltext,,Taylor & Francis,Serial,,,,,,,10.1080/tjss17,P
Behaviour & Information Technology,0144-929X,1362-3001,1996-01,15,1,,,,https://www.tandfonline.com/openurl?genre=journal&stitle=tbit20,,tbit20,,fulltext,,Taylor & Francis,Serial,,,,,,,,P
Biofuels,1759-7269,1759-7277,2010-01,1,1,,,,https://www.tandfonline.com/openurl?genre=journal&stitle=tbfu20,,tbfu20,,fulltext,,Taylor & Francis,Serial,,,,,,,,P
Brain-Computer Interfaces,2326-263X,2326-2621,2014-01,1,1,,,,https://www.tandfonline.com/openurl?genre=journal&stitle=tbci20,,tbci20,,fulltext,,Taylor & Francis,Serial,,,,,,,,P
British Corrosion Journal,0007-0599,,1997-01,32,1,2002-12,37,4,https://www.tandfonline.com/openurl?genre=journal&stitle=ycst19,,ycst19,,fulltext,,Taylor & Francis,Serial,,,,,,,,P
CIM Journal,1923-6026,2689-8403,2020-01,11,1,,,,https://www.tandfonline.com/openurl?genre=journal&stitle=ucim20,,ucim20,,fulltext,,Taylor & Francis,Serial,,,,,,,,P
Cartography,0069-0805,,1997-06,26,1,2003-12,32,2,https://www.tandfonline.com/openurl?genre=journal&stitle=tjss19,,tjss19,,fulltext,,Taylor & Francis,Serial,,,,,,,,P
Catalysis Reviews,0161-4940,1520-5703,1997-02,39,01-Feb,,,,https://www.tandfonline.com/openurl?genre=journal&stitle=lctr20,,lctr20,,fulltext,,Taylor & Francis,Serial,,,,,,,,P
Chemical Engineering Communications,0098-6445,1563-5201,1997-02,156,1,,,,https://www.tandfonline.com/openurl?genre=journal&stitle=gcec20,,gcec20,,fulltext,,Taylor & Francis,Serial,,,,,,,,P
Civil Engineering Systems,0263-0257,,1997-01,14,3,1997-08,14,4,https://www.tandfonline.com/openurl?genre=journal&stitle=gcee19,,gcee19,,fulltext,,Taylor & Francis,Serial,,,,,,,,P
Civil Engineering and Environmental Systems,1028-6608,1029-0249,1998-01,15,1,,,,https://www.tandfonline.com/openurl?genre=journal&stitle=gcee20,,gcee20,,fulltext,,Taylor & Francis,Serial,,,,,,,10.1080/gcee19,P
CoDesign,1571-0882,1745-3755,2005-03,1,1,,,,https://www.tandfonline.com/openurl?genre=journal&stitle=ncdn20,,ncdn20,,fulltext,,Taylor & Francis,Serial,,,,,,,,P
Coal Preparation,0734-9343,1545-5831,1997-01,18,01-Feb,2007-12,27,4,https://www.tandfonline.com/openurl?genre=journal&stitle=gcop19,,gcop19,,fulltext,,Taylor & Francis,Serial,,,,,,,,P
Coastal Engineering Journal,2166-4250,1793-6292,1998-03,40,1,,,,https://www.tandfonline.com/openurl?genre=journal&stitle=tcej20,,tcej20,,fulltext,,Taylor & Francis,Serial,,,,,,,10.1080/tcej19,P
Combustion Science and Technology,0010-2202,1563-521X,1997-01,122,01-Jun,,,,https://www.tandfonline.com/openurl?genre=journal&stitle=gcst20,,gcst20,,fulltext,,Taylor & Francis,Serial,,,,,,,,P
Combustion Theory and Modelling,1364-7830,1741-3559,1997-01,1,1,,,,https://www.tandfonline.com/openurl?genre=journal&stitle=tctm20,,tctm20,,fulltext,,Taylor & Francis,Serial,,,,,,,,P
Computer Methods in Biomechanics and Biomedical Engineering,1025-5842,1476-8259,1997-01,1,1,,,,https://www.tandfonline.com/openurl?genre=journal&stitle=gcmb20,,gcmb20,,fulltext,,Taylor & Francis,Serial,,,,,,,,P
Computer Methods in Biomechanics and Biomedical Engineering: Imaging & Visualization,2168-1163,2168-1171,2013-03,1,1,,,,https://www.tandfonline.com/openurl?genre=journal&stitle=tciv20,,tciv20,,fulltext,,Taylor & Francis,Serial,,,,,,,,P
"Corrosion Engineering, Science and Technology",1478-422X,1743-2782,2003-03,38,1,,,,https://www.tandfonline.com/openurl?genre=journal&stitle=ycst20,,ycst20,,fulltext,,Taylor & Francis,Serial,,,,,,,10.1080/ycst19,P
Cryptologia,0161-1194,1558-1586,1977-01,1,1,,,,https://www.tandfonline.com/openurl?genre=journal&stitle=ucry20,,ucry20,,fulltext,,Taylor & Francis,Serial,,,,,,,,P
Cyber-Physical Systems,2333-5777,2333-5785,2015-01,1,1,,,,https://www.tandfonline.com/openurl?genre=journal&stitle=tcyb20,,tcyb20,,fulltext,,Taylor & Francis,Serial,,,,,,,,P
Cybernetics and Systems,0196-9722,1087-6553,1996-02,27,1,,,,https://www.tandfonline.com/openurl?genre=journal&stitle=ucbs20,,ucbs20,,fulltext,,Taylor & Francis,Serial,,,,,,,10.1080/ucbs19,P
Drying Technology,0737-3937,1532-2300,1997-01,15,1,,,,https://www.tandfonline.com/openurl?genre=journal&stitle=ldrt20,,ldrt20,,fulltext,,Taylor & Francis,Serial,,,,,,,,P
EDPACS,0736-6981,1936-1009,1997-01,24,7,,,,https://www.tandfonline.com/openurl?genre=journal&stitle=uedp20,,uedp20,,fulltext,,Taylor & Francis,Serial,,,,,,,,P
EPE Journal,0939-8368,2376-9319,1997-08,7,01-Feb,,,,https://www.tandfonline.com/openurl?genre=journal&stitle=tepe20,,tepe20,,fulltext,,Taylor & Francis,Serial,,,,,,,,P
Electric Machines & Power Systems,0731-356X,,1997-01,25,1,2000-12,28,12,https://www.tandfonline.com/openurl?genre=journal&stitle=uemp19,,uemp19,,fulltext,,Taylor & Francis,Serial,,,,,,,,P
Electric Power Components and Systems,1532-5008,1532-5016,2001-01,29,1,,,,https://www.tandfonline.com/openurl?genre=journal&stitle=uemp20,,uemp20,,fulltext,,Taylor & Francis,Serial,,,,,,,10.1080/uemp19,P
Electromagnetics,0272-6343,1532-527X,1997-01,17,1,,,,https://www.tandfonline.com/openurl?genre=journal&stitle=uemg20,,uemg20,,fulltext,,Taylor & Francis,Serial,,,,,,,,P
Energy Sources,0090-8312,1521-0510,1997-01,19,1,2005-12,27,3,https://www.tandfonline.com/openurl?genre=journal&stitle=ueso19,,ueso19,,fulltext,,Taylor & Francis,Serial,,,,,,,,P
"Energy Sources, Part A: Recovery, Utilization, and Environmental Effects",1556-7036,1556-7230,2006-01,28,1,,,,https://www.tandfonline.com/openurl?genre=journal&stitle=ueso20,,ueso20,,fulltext,,Taylor & Francis,Serial,,,,,,,10.1080/ueso19,P
"Energy Sources, Part B: Economics, Planning, and Policy",1556-7249,1556-7257,2006-01,1,1,,,,https://www.tandfonline.com/openurl?genre=journal&stitle=uesb20,,uesb20,,fulltext,,Taylor & Francis,Serial,,,,,,,10.1080/ueso19,P
Engineering Management Journal,1042-9247,2377-0643,1997-03,9,1,,,,https://www.tandfonline.com/openurl?genre=journal&stitle=uemj20,,uemj20,,fulltext,,Taylor & Francis,Serial,,,,,,,,P
Engineering Optimization,0305-215X,1029-0273,1997-05,27,4,,,,https://www.tandfonline.com/openurl?genre=journal&stitle=geno20,,geno20,,fulltext,,Taylor & Francis,Serial,,,,,,,,P
Engineering Studies,1937-8629,1940-8374,2009-03,1,1,,,,https://www.tandfonline.com/openurl?genre=journal&stitle=test20,,test20,,fulltext,,Routledge,Serial,,,,,,,,P
Enterprise Information Systems,1751-7575,1751-7583,2007-02,1,1,,,,https://www.tandfonline.com/openurl?genre=journal&stitle=teis20,,teis20,,fulltext,,Taylor & Francis,Serial,,,,,,,,P
Ergonomics,0014-0139,1366-5847,1997-01,40,1,,,,https://www.tandfonline.com/openurl?genre=journal&stitle=terg20,,terg20,,fulltext,,Taylor & Francis,Serial,,,,,,,,P
European Journal of Engineering Education,0304-3797,1469-5898,1975-01,1,1,,,,https://www.tandfonline.com/openurl?genre=journal&stitle=ceee20,,ceee20,,fulltext,,Taylor & Francis,Serial,,,,,,,,P
European Journal of Environmental and Civil Engineering,1964-8189,2116-7214,2008-02,12,01-Feb,,,,https://www.tandfonline.com/openurl?genre=journal&stitle=tece20,,tece20,,fulltext,,Taylor & Francis,Serial,,,,,,,10.1080/tece19,P
European Journal of Information Systems,0960-085X,1476-9344,1997-03,6,1,,,,https://www.tandfonline.com/openurl?genre=journal&stitle=tjis20,,tjis20,,fulltext,,Taylor & Francis,Serial,,,,,,,,P
Experimental Heat Transfer,0891-6152,1521-0480,1997-01,10,1,,,,https://www.tandfonline.com/openurl?genre=journal&stitle=ueht20,,ueht20,,fulltext,,Taylor & Francis,Serial,,,,,,,,P
Fusion Science and Technology,1536-1055,1943-7641,2001-07,40,1,,,,https://www.tandfonline.com/openurl?genre=journal&stitle=ufst20,,ufst20,,fulltext,,Taylor & Francis,Serial,,,,,,,10.1080/ufst19,P
Fusion Technology,0748-1896,,1997-01,31,1,2001-05,39,3,https://www.tandfonline.com/openurl?genre=journal&stitle=ufst19,,ufst19,,fulltext,,Taylor & Francis,Serial,,,,,,,10.1080/ufst18,P
Geocarto International,1010-6049,1752-0762,1997-03,12,1,,,,https://www.tandfonline.com/openurl?genre=journal&stitle=tgei20,,tgei20,,fulltext,,Taylor & Francis,Serial,,,,,,,,P
Geomechanics and Geoengineering,1748-6025,1748-6033,2006-03,1,1,,,,https://www.tandfonline.com/openurl?genre=journal&stitle=tgeo20,,tgeo20,,fulltext,,Taylor & Francis,Serial,,,,,,,,P
Georisk: Assessment and Management of Risk for Engineered Systems and Geohazards,1749-9518,1749-9526,2007-03,1,1,,,,https://www.tandfonline.com/openurl?genre=journal&stitle=ngrk20,,ngrk20,,fulltext,,Taylor & Francis,Serial,,,,,,,,P
Geosystem Engineering,1226-9328,2166-3394,1998-05,1,1,,,,https://www.tandfonline.com/openurl?genre=journal&stitle=tges20,,tges20,,fulltext,,Taylor & Francis,Serial,,,,,,,,P
HVAC&R Research,1078-9669,1938-5587,1997-01,3,1,2014-11,20,8,https://www.tandfonline.com/openurl?genre=journal&stitle=uhvc20,,uhvc20,,fulltext,,Taylor & Francis,Serial,,,,,,,,P
Health Systems,2047-6965,2047-6973,2012-06,1,1,,,,https://www.tandfonline.com/openurl?genre=journal&stitle=thss20,,thss20,,fulltext,,Taylor & Francis,Serial,,,,,,,,P
Heat Transfer Engineering,0145-7632,1521-0537,1997-01,18,1,,,,https://www.tandfonline.com/openurl?genre=journal&stitle=uhte20,,uhte20,,fulltext,,Taylor & Francis,Serial,,,,,,,,P
IETE Journal of Education,,0974-7338,1997-01,38,1,,,,https://www.tandfonline.com/openurl?genre=journal&stitle=tije20,,tije20,,fulltext,,Taylor & Francis,Serial,,,,,,,,P
IETE Journal of Research,0377-2063,0974-780X,1997-01,43,1,,,,https://www.tandfonline.com/openurl?genre=journal&stitle=tijr20,,tijr20,,fulltext,,Taylor & Francis,Serial,,,,,,,,P
IETE Technical Review,0256-4602,0974-5971,1997-01,14,01-Feb,,,,https://www.tandfonline.com/openurl?genre=journal&stitle=titr20,,titr20,,fulltext,,Taylor & Francis,Serial,,,,,,,,P
IIE Transactions,0740-817X,1545-8830,1997-01,29,1,,,,https://www.tandfonline.com/openurl?genre=journal&stitle=uiie20,,uiie20,,fulltext,,Taylor & Francis,Serial,,,,,,,10.1080/uiie19,P
IIE Transactions on Healthcare Systems Engineering,1948-8300,1948-8319,2011-03,1,1,,,,https://www.tandfonline.com/openurl?genre=journal&stitle=uhse20,,uhse20,,fulltext,,Taylor & Francis,Serial,,,,,,,,P
IIE Transactions on Occupational Ergonomics and Human Factors,2157-7323,2157-7331,2013-01,1,1,,,,https://www.tandfonline.com/openurl?genre=journal&stitle=uehf20,,uehf20,,fulltext,,Taylor & Francis,Serial,,,,,,,,P
IISE Transactions,2472-5854,2472-5862,2017-01,49,1,,,,https://www.tandfonline.com/openurl?genre=journal&stitle=uiie21,,uiie21,,fulltext,,Taylor & Francis,Serial,,,,,,,10.1080/uiie20,P
IISE Transactions on Healthcare Systems Engineering,2472-5579,2472-5587,2017-01,7,1,,,,https://www.tandfonline.com/openurl?genre=journal&stitle=uhse21,,uhse21,,fulltext,,Taylor & Francis,Serial,,,,,,,10.1080/uhse20,P
IISE Transactions on Occupational Ergonomics and Human Factors,2472-5838,2472-5846,2017-01,5,1,,,,https://www.tandfonline.com/openurl?genre=journal&stitle=uehf21,,uehf21,,fulltext,,Taylor & Francis,Serial,,,,,,,10.1080/uehf20,P
INFOR: Information Systems and Operational Research,0315-5986,1916-0615,1997-02,35,1,,,,https://www.tandfonline.com/openurl?genre=journal&stitle=tinf20,,tinf20,,fulltext,,Taylor & Francis,Serial,,,,,,,,P
ITS Journal - Intelligent Transportation Systems Journal,1024-8072,,1997-01,3,4,2001-10,6,4,https://www.tandfonline.com/openurl?genre=journal&stitle=gits19,,gits19,,fulltext,,Taylor & Francis,Serial,,,,,,,10.1080/gits18,P
Indian Chemical Engineer,0019-4506,0975-007X,2009-10,51,1,,,,https://www.tandfonline.com/openurl?genre=journal&stitle=tice20,,tice20,,fulltext,,Taylor & Francis,Serial,,,,,,,,P
Information Security Journal: A Global Perspective,1939-3555,1939-3547,2008-03,17,1,,,,https://www.tandfonline.com/openurl?genre=journal&stitle=uiss20,,uiss20,,fulltext,,Taylor & Francis,Serial,,,,,,,10.1080/uiss19,P
Information Strategy: The Executive's Journal,0743-8613,,1997-03,13,3,,,,https://www.tandfonline.com/openurl?genre=journal&stitle=uzis20,,uzis20,,fulltext,,Taylor & Francis,Serial,,,,,,,,P
Information Systems Management,1058-0530,1934-8703,1997-01,14,1,,,,https://www.tandfonline.com/openurl?genre=journal&stitle=uism20,,uism20,,fulltext,,Taylor & Francis,Serial,,,,,,,10.1080/uism19,P
Information Systems Security,1065-898X,1934-869X,1997-01,6,1,2007-12,16,6,https://www.tandfonline.com/openurl?genre=journal&stitle=uiss19,,uiss19,,fulltext,,Taylor & Francis,Serial,,,,,,,,P
Information Technology for Development,0268-1102,1554-0170,1998-01,8,1,,,,https://www.tandfonline.com/openurl?genre=journal&stitle=titd20,,titd20,,fulltext,,Routledge,Serial,,,,,,,,P
Injury Control and Safety Promotion,1566-0974,,2000-03,7,1,2004-12,11,4,https://www.tandfonline.com/openurl?genre=journal&stitle=nics19,,nics19,,fulltext,,Taylor & Francis,Serial,,,,,,,10.1080/nics18,P
Integrated Ferroelectrics,1058-4587,1607-8489,1997-01,14,01-Apr,,,,https://www.tandfonline.com/openurl?genre=journal&stitle=ginf20,,ginf20,,fulltext,,Taylor & Francis,Serial,,,,,,,,P
Intelligent Buildings International,1750-8975,1756-6932,2009-01,1,1,,,,https://www.tandfonline.com/openurl?genre=journal&stitle=tibi20,,tibi20,,fulltext,,Taylor & Francis,Serial,,,,,,,,P
International Journal for Computational Methods in Engineering Science and Mechanics,1550-2287,1550-2295,2005-01,6,1,,,,https://www.tandfonline.com/openurl?genre=journal&stitle=ucme20,,ucme20,,fulltext,,Taylor & Francis,Serial,,,,,,,,P
International Journal for Consumer and Product Safety,1387-3059,,1997-03,4,1,1999-12,6,4,https://www.tandfonline.com/openurl?genre=journal&stitle=nics18,,nics18,,fulltext,,Taylor & Francis,Serial,,,,,,,,P
International Journal of Ambient Energy,0143-0750,2162-8246,1997-01,18,1,,,,https://www.tandfonline.com/openurl?genre=journal&stitle=taen20,,taen20,,fulltext,,Taylor & Francis,Serial,,,,,,,,P
International Journal of Cast Metals Research,1364-0461,1743-1336,1997-01,9,5,,,,https://www.tandfonline.com/openurl?genre=journal&stitle=ycmr20,,ycmr20,,fulltext,,Taylor & Francis,Serial,,,,,,,10.1080/ycmr19,P
International Journal of Coal Preparation and Utilization,1939-2699,1939-2702,2008-03,28,1,,,,https://www.tandfonline.com/openurl?genre=journal&stitle=gcop20,,gcop20,,fulltext,,Taylor & Francis,Serial,,,,,,,10.1080/gcop19,P
International Journal of Computational Fluid Dynamics,1061-8562,1029-0257,1997-01,8,1,,,,https://www.tandfonline.com/openurl?genre=journal&stitle=gcfd20,,gcfd20,,fulltext,,Taylor & Francis,Serial,,,,,,,,P
International Journal of Computer Integrated Manufacturing,0951-192X,1362-3052,1996-01,9,1,,,,https://www.tandfonline.com/openurl?genre=journal&stitle=tcim20,,tcim20,,fulltext,,Taylor & Francis,Serial,,,,,,,,P
International Journal of Computers and Applications,1206-212X,1925-7074,2000-01,22,1,,,,https://www.tandfonline.com/openurl?genre=journal&stitle=tjca20,,tjca20,,fulltext,,Taylor & Francis,Serial,,,,,,,,P
International Journal of Construction Management,1562-3599,2331-2327,2001-01,1,1,,,,https://www.tandfonline.com/openurl?genre=journal&stitle=tjcm20,,tjcm20,,fulltext,,Taylor & Francis,Serial,,,,,,,,P
International Journal of Control,0020-7179,1366-5820,1997-01,66,1,,,,https://www.tandfonline.com/openurl?genre=journal&stitle=tcon20,,tcon20,,fulltext,,Taylor & Francis,Serial,,,,,,,10.1080/tetn19,P
International Journal of Crashworthiness,1358-8265,1754-2111,1997-01,2,2,,,,https://www.tandfonline.com/openurl?genre=journal&stitle=tcrs20,,tcrs20,,fulltext,,Taylor & Francis,Serial,,,,,,,,P
International Journal of Design Creativity and Innovation,2165-0349,2165-0357,2013-01,1,1,,,,https://www.tandfonline.com/openurl?genre=journal&stitle=tdci20,,tdci20,,fulltext,,Taylor & Francis,Serial,,,,,,,,P
International Journal of Electronics,0020-7217,1362-3060,1997-01,82,1,,,,https://www.tandfonline.com/openurl?genre=journal&stitle=tetn20,,tetn20,,fulltext,,Taylor & Francis,Serial,,,,,,,10.1080/tetn19,P
International Journal of Electronics Letters,2168-1724,2168-1732,2013-03,1,1,,,,https://www.tandfonline.com/openurl?genre=journal&stitle=tetl20,,tetl20,,fulltext,,Taylor & Francis,Serial,,,,,,,,P
"International Journal of Fashion Design, Technology and Education",1754-3266,1754-3274,2008-03,1,1,,,,https://www.tandfonline.com/openurl?genre=journal&stitle=tfdt20,,tfdt20,,fulltext,,Taylor & Francis,Serial,,,,,,,,P
International Journal of General Systems,0308-1079,1563-5104,1997-01,25,4,,,,https://www.tandfonline.com/openurl?genre=journal&stitle=ggen20,,ggen20,,fulltext,,Taylor & Francis,Serial,,,,,,,,P
International Journal of Geographical Information Science,1365-8816,1362-3087,1997-01,11,1,,,,https://www.tandfonline.com/openurl?genre=journal&stitle=tgis20,,tgis20,,fulltext,,Taylor & Francis,Serial,,,,,,,10.1080/tgis19,P
International Journal of Geotechnical Engineering,1938-6362,1939-7879,2007-10,1,1,,,,https://www.tandfonline.com/openurl?genre=journal&stitle=yjge20,,yjge20,,fulltext,,Taylor & Francis,Serial,,,,,,,,P
International Journal of Green Energy,1543-5075,1543-5083,2004-12,1,1,,,,https://www.tandfonline.com/openurl?genre=journal&stitle=ljge20,,ljge20,,fulltext,,Taylor & Francis,Serial,,,,,,,,P
International Journal of Human?CComputer Interaction,1044-7318,1532-7590,1997-03,9,1,,,,https://www.tandfonline.com/openurl?genre=journal&stitle=hihc20,,hihc20,,fulltext,,Taylor & Francis,Serial,,,,,,,,P
International Journal of Image and Data Fusion,1947-9832,1947-9824,2010-03,1,1,,,,https://www.tandfonline.com/openurl?genre=journal&stitle=tidf20,,tidf20,,fulltext,,Taylor & Francis,Serial,,,,,,,,P
International Journal of Injury Control and Safety Promotion,1745-7300,1745-7319,2005-03,12,1,,,,https://www.tandfonline.com/openurl?genre=journal&stitle=nics20,,nics20,,fulltext,,Taylor & Francis,Serial,,,,,,,10.1080/nics19,P
International Journal of Logistics Research and Applications,1367-5567,1469-848X,1998-04,1,1,,,,https://www.tandfonline.com/openurl?genre=journal&stitle=cjol20,,cjol20,,fulltext,,Taylor & Francis,Serial,,,,,,,,P
International Journal of Management Science and Engineering Management,1750-9653,1750-9661,2006-01,1,1,,,,https://www.tandfonline.com/openurl?genre=journal&stitle=tmse20,,tmse20,,fulltext,,Taylor & Francis,Serial,,,,,,,,P
"International Journal of Mining, Reclamation and Environment",1748-0930,1748-0949,2006-03,20,1,,,,https://www.tandfonline.com/openurl?genre=journal&stitle=nsme20,,nsme20,,fulltext,,Taylor & Francis,Serial,,,,,,,10.1080/nsme19,P
International Journal of Modelling and Simulation,0228-6203,1925-7082,1997-01,17,1,,,,https://www.tandfonline.com/openurl?genre=journal&stitle=tjms20,,tjms20,,fulltext,,Taylor & Francis,Serial,,,,,,,,P
International Journal of Occupational Safety and Ergonomics,1080-3548,2376-9130,1997-01,3,01-Feb,,,,https://www.tandfonline.com/openurl?genre=journal&stitle=tose20,,tose20,,fulltext,,Taylor & Francis,Serial,,,,,,,,P
"International Journal of Parallel, Emergent and Distributed Systems",1744-5760,1744-5779,2005-01,20,03-Apr,,,,https://www.tandfonline.com/openurl?genre=journal&stitle=gpaa20,,gpaa20,,fulltext,,Taylor & Francis,Serial,,,,,,,10.1080/gpaa19,P
International Journal of Pavement Engineering,1029-8436,1477-268X,1999-12,1,1,,,,https://www.tandfonline.com/openurl?genre=journal&stitle=gpav20,,gpav20,,fulltext,,Taylor & Francis,Serial,,,,,,,,P
International Journal of Production Research,0020-7543,1366-588X,1997-01,35,1,,,,https://www.tandfonline.com/openurl?genre=journal&stitle=tprs20,,tprs20,,fulltext,,Taylor & Francis,Serial,,,,,,,,P
International Journal of Rail Transportation,2324-8378,2324-8386,2013-02,1,01-Feb,,,,https://www.tandfonline.com/openurl?genre=journal&stitle=tjrt20,,tjrt20,,fulltext,,Taylor & Francis,Serial,,,,,,,,P
International Journal of Remote Sensing,0143-1161,1366-5901,1997-01,18,1,,,,https://www.tandfonline.com/openurl?genre=journal&stitle=tres20,,tres20,,fulltext,,Taylor & Francis,Serial,,,,,,,,P
International Journal of Smart Engineering System Design,1025-5818,1607-8500,2002-01,4,1,,,,https://www.tandfonline.com/openurl?genre=journal&stitle=gses20,,gses20,,fulltext,,Taylor & Francis,Serial,,,,,,,,P
International Journal of Solar Energy,0142-5919,,1997-01,18,4,2002-01,22,03-Apr,https://www.tandfonline.com/openurl?genre=journal&stitle=gsol19,,gsol19,,fulltext,,Taylor & Francis,Serial,,,,,,,,P
"International Journal of Surface Mining, Reclamation and Environment",1389-5265,1744-5000,1997-01,11,1,2005-12,19,4,https://www.tandfonline.com/openurl?genre=journal&stitle=nsme19,,nsme19,,fulltext,,Taylor & Francis,Serial,,,,,,,,P
International Journal of Sustainable Energy,1478-6451,1478-646X,2003-03,23,01-Feb,,,,https://www.tandfonline.com/openurl?genre=journal&stitle=gsol20,,gsol20,,fulltext,,Taylor & Francis,Serial,,,,,,,10.1080/gsol19,P
International Journal of Sustainable Transportation,1556-8318,1556-8334,2007-02,1,1,,,,https://www.tandfonline.com/openurl?genre=journal&stitle=ujst20,,ujst20,,fulltext,,Taylor & Francis,Serial,,,,,,,,P
International Journal of Systems Science,0020-7721,1464-5319,1997-01,28,1,,,,https://www.tandfonline.com/openurl?genre=journal&stitle=tsys20,,tsys20,,fulltext,,Taylor & Francis,Serial,,,,,,,,P
International Journal of Systems Science: Operations & Logistics,2330-2674,2330-2682,2014-01,1,1,,,,https://www.tandfonline.com/openurl?genre=journal&stitle=tsyb20,,tsyb20,,fulltext,,Taylor & Francis,Serial,,,,,,,,P
International Journal of Ventilation,1473-3315,2044-4044,2002-06,1,1,,,,https://www.tandfonline.com/openurl?genre=journal&stitle=tjov20,,tjov20,,fulltext,,Taylor & Francis,Serial,,,,,,,,P
Ironmaking & Steelmaking,0301-9233,1743-2812,1999-02,26,1,,,,https://www.tandfonline.com/openurl?genre=journal&stitle=yirs20,,yirs20,,fulltext,,Taylor & Francis,Serial,,,,,,,,P
Journal of Applied Non-Classical Logics,1166-3081,1958-5780,1997-01,7,01-Feb,,,,https://www.tandfonline.com/openurl?genre=journal&stitle=tncl20,,tncl20,,fulltext,,Taylor & Francis,Serial,,,,,,,,P
Journal of Building Performance Simulation,1940-1493,1940-1507,2008-03,1,1,,,,https://www.tandfonline.com/openurl?genre=journal&stitle=tbps20,,tbps20,,fulltext,,Taylor & Francis,Serial,,,,,,,,P
Journal of Business Analytics,2573-234X,2573-2358,2018-01,1,1,,,,https://www.tandfonline.com/openurl?genre=journal&stitle=tjba20,,tjba20,,fulltext,,Taylor & Francis,Serial,,,,,,,,P
Journal of Computer Information Systems,0887-4417,2380-2057,1997-01,37,2,,,,https://www.tandfonline.com/openurl?genre=journal&stitle=ucis20,,ucis20,,fulltext,,Taylor & Francis,Serial,,,,,,,10.1080/ucis19,P
Journal of Control and Decision,2330-7706,2330-7714,2014-01,1,1,,,,https://www.tandfonline.com/openurl?genre=journal&stitle=tjcd20,,tjcd20,,fulltext,,Taylor & Francis,Serial,,,,,,,,P
Journal of Crash Prevention and Injury Control,1028-6586,,1999-03,1,1,2001-01,2,4,https://www.tandfonline.com/openurl?genre=journal&stitle=gcpi19,,gcpi19,,fulltext,,Taylor & Francis,Serial,,,,,,,,P
Journal of Decision Systems,1246-0125,2116-7052,1997-01,6,1,,,,https://www.tandfonline.com/openurl?genre=journal&stitle=tjds20,,tjds20,,fulltext,,Taylor & Francis,Serial,,,,,,,,P
Journal of Dispersion Science and Technology,0193-2691,1532-2351,1997-01,18,1,,,,https://www.tandfonline.com/openurl?genre=journal&stitle=ldis20,,ldis20,,fulltext,,Taylor & Francis,Serial,,,,,,,,P
Journal of Earthquake Engineering,1363-2469,1559-808X,1997-01,1,1,,,,https://www.tandfonline.com/openurl?genre=journal&stitle=ueqe20,,ueqe20,,fulltext,,Taylor & Francis,Serial,,,,,,,,P
Journal of Energetic Materials,0737-0652,1545-8822,1997-03,15,1,,,,https://www.tandfonline.com/openurl?genre=journal&stitle=uegm20,,uegm20,,fulltext,,Taylor & Francis,Serial,,,,,,,,P
Journal of Engineering Design,0954-4828,1466-1837,1997-03,8,1,,,,https://www.tandfonline.com/openurl?genre=journal&stitle=cjen20,,cjen20,,fulltext,,Taylor & Francis,Serial,,,,,,,,P
Journal of Experimental & Theoretical Artificial Intelligence,0952-813X,1362-3079,1996-01,8,1,,,,https://www.tandfonline.com/openurl?genre=journal&stitle=teta20,,teta20,,fulltext,,Taylor & Francis,Serial,,,,,,,,P
Journal of Industrial and Production Engineering,2168-1015,2168-1023,2013-01,30,1,,,,https://www.tandfonline.com/openurl?genre=journal&stitle=tjci21,,tjci21,,fulltext,,Taylor & Francis,Serial,,,,,,,10.1080/tjci20,P
Journal of Intelligent Transportation Systems,1547-2450,1547-2442,2002-01,7,1,,,,https://www.tandfonline.com/openurl?genre=journal&stitle=gits20,,gits20,,fulltext,,Taylor & Francis,Serial,,,,,,,10.1080/gits19,P
Journal of Location Based Services,1748-9725,1748-9733,2007-03,1,1,,,,https://www.tandfonline.com/openurl?genre=journal&stitle=tlbs20,,tlbs20,,fulltext,,Taylor & Francis,Serial,,,,,,,,P
Journal of Management Analytics,2327-0012,2327-0039,2014-01,1,1,,,,https://www.tandfonline.com/openurl?genre=journal&stitle=tjma20,,tjma20,,fulltext,,Taylor & Francis,Serial,,,,,,,,P
Journal of Marine Engineering & Technology,2046-4177,2056-8487,2002-01,1,1,,,,https://www.tandfonline.com/openurl?genre=journal&stitle=tmar20,,tmar20,,fulltext,,Taylor & Francis,Serial,,,,,,,,P
Journal of Microwave Power and Electromagnetic Energy,0832-7823,,1997-01,32,1,,,,https://www.tandfonline.com/openurl?genre=journal&stitle=tpee20,,tpee20,,fulltext,,Taylor & Francis,Serial,,,,,,,10.1080/tpee19,P
Journal of Occupational and Environmental Hygiene,1545-9624,1545-9632,2004-01,1,1,,,,https://www.tandfonline.com/openurl?genre=journal&stitle=uoeh20,,uoeh20,,fulltext,,Taylor & Francis,Serial,,,,,,,"10.1080/uaih20,10.1080/uaoh20",P
Journal of Operational Oceanography,1755-876X,1755-8778,2008-01,1,1,,,,https://www.tandfonline.com/openurl?genre=journal&stitle=tjoo20,,tjoo20,,fulltext,,Taylor & Francis,Serial,,,,,,,,P
Journal of Organizational Computing and Electronic Commerce,1091-9392,1532-7744,1997-03,7,1,,,,https://www.tandfonline.com/openurl?genre=journal&stitle=hoce20,,hoce20,,fulltext,,Taylor & Francis,Serial,,,,,,,10.1080/hoce19,P
Journal of Quality Technology,0022-4065,2575-6230,1997-01,29,1,,,,https://www.tandfonline.com/openurl?genre=journal&stitle=ujqt20,,ujqt20,,fulltext,,Taylor & Francis,Serial,,,,,,,,P
Journal of Simulation,1747-7778,1747-7786,2006-12,1,1,,,,https://www.tandfonline.com/openurl?genre=journal&stitle=tjsm20,,tjsm20,,fulltext,,Taylor & Francis,Serial,,,,,,,,P
Journal of Spatial Science,1449-8596,1836-5655,2004-06,49,1,,,,https://www.tandfonline.com/openurl?genre=journal&stitle=tjss20,,tjss20,,fulltext,,Taylor & Francis,Serial,,,,,,,"10.1080/tjss19,10.1080/tjss18",P
Journal of Sustainable Cement-Based Materials,2165-0373,2165-0381,2012-06,1,01-Feb,,,,https://www.tandfonline.com/openurl?genre=journal&stitle=tscm20,,tscm20,,fulltext,,Taylor & Francis,Serial,,,,,,,,P
Journal of Thermal Stresses,0149-5739,1521-074X,1997-01,20,1,,,,https://www.tandfonline.com/openurl?genre=journal&stitle=uths20,,uths20,,fulltext,,Taylor & Francis,Serial,,,,,,,,P
Journal of Transportation Safety & Security,1943-9962,1943-9970,2009-03,1,1,,,,https://www.tandfonline.com/openurl?genre=journal&stitle=utss20,,utss20,,fulltext,,Taylor & Francis,Serial,,,,,,,,P
Journal of Turbulence,,1468-5248,2000-01,1,,,,,https://www.tandfonline.com/openurl?genre=journal&stitle=tjot20,,tjot20,,fulltext,,Taylor & Francis,Serial,,,,,,,,P
Journal of the Air & Waste Management Association,1096-2247,2162-2906,1997-01,47,1,,,,https://www.tandfonline.com/openurl?genre=journal&stitle=uawm20,,uawm20,,fulltext,,Taylor & Francis,Serial,,,,,,,10.1080/uawm19,P
Journal of the Chinese Institute of Engineers,0253-3839,2158-7299,1997-01,20,1,,,,https://www.tandfonline.com/openurl?genre=journal&stitle=tcie20,,tcie20,,fulltext,,Taylor & Francis,Serial,,,,,,,,P
Journal of the Chinese Institute of Industrial Engineers,1017-0669,2151-7606,1997-01,14,1,2012-12,29,8,https://www.tandfonline.com/openurl?genre=journal&stitle=tjci20,,tjci20,,fulltext,,Taylor & Francis,Serial,,,,,,,,P
Journal of the Illuminating Engineering Society,,,1997-01,26,1,2004-01,33,1,https://www.tandfonline.com/openurl?genre=journal&stitle=uzie20,,uzie20,,fulltext,,Taylor & Francis,Serial,,,,,,,,P
Journal of the Operational Research Society,0160-5682,1476-9360,1997-01,48,1,,,,https://www.tandfonline.com/openurl?genre=journal&stitle=tjor20,,tjor20,,fulltext,,Taylor & Francis,Serial,,,,,,,,P
Knowledge Management Research & Practice,1477-8238,1477-8246,2003-07,1,1,,,,https://www.tandfonline.com/openurl?genre=journal&stitle=tkmr20,,tkmr20,,fulltext,,Taylor & Francis,Serial,,,,,,,,P
LEUKOS,1550-2724,1550-2716,2005-01,1,1,,,,https://www.tandfonline.com/openurl?genre=journal&stitle=ulks20,,ulks20,,fulltext,,Taylor & Francis,Serial,,,,,,,10.1080/uzie20,P
Logistique & Management,1250-7970,2377-9640,1997-01,5,1,,,,https://www.tandfonline.com/openurl?genre=journal&stitle=tlam20,,tlam20,,fulltext,,Taylor & Francis,Serial,,,,,,,,P
Machining Science and Technology,1091-0344,1532-2483,1997-08,1,1,,,,https://www.tandfonline.com/openurl?genre=journal&stitle=lmst20,,lmst20,,fulltext,,Taylor & Francis,Serial,,,,,,,,P
Materials and Manufacturing Processes,1042-6914,1532-2475,1997-01,12,1,,,,https://www.tandfonline.com/openurl?genre=journal&stitle=lmmp20,,lmmp20,,fulltext,,Taylor & Francis,Serial,,,,,,,10.1080/lmmp19,P
Mechanics Based Design of Structures and Machines,1539-7734,1539-7742,2003-01,31,1,,,,https://www.tandfonline.com/openurl?genre=journal&stitle=lmbd20,,lmbd20,,fulltext,,Taylor & Francis,Serial,,,,,,,10.1080/lmbd19,P
Mechanics of Advanced Materials and Structures,1537-6494,1537-6532,2002-01,9,1,,,,https://www.tandfonline.com/openurl?genre=journal&stitle=umcm20,,umcm20,,fulltext,,Taylor & Francis,Serial,,,,,,,10.1080/umcm19,P
Mechanics of Composite Materials and Structures,1075-9417,1521-0596,1997-01,4,1,2001-10,8,4,https://www.tandfonline.com/openurl?genre=journal&stitle=umcm19,,umcm19,,fulltext,,Taylor & Francis,Serial,,,,,,,,P
Mechanics of Structures and Machines,0890-5452,,1997-01,25,1,2002-11,30,3,https://www.tandfonline.com/openurl?genre=journal&stitle=lmbd19,,lmbd19,,fulltext,,Taylor & Francis,Serial,,,,,,,10.1080/lmbd18,P
Microscale Thermophysical Engineering,1089-3954,1091-7640,1997-01,1,1,2005-10,9,4,https://www.tandfonline.com/openurl?genre=journal&stitle=umte19,,umte19,,fulltext,,Taylor & Francis,Serial,,,,,,,,P
Mineral Processing and Extractive Metallurgy,2572-6641,2572-665X,2018-01,127,1,,,,https://www.tandfonline.com/openurl?genre=journal&stitle=ympm21,,ympm21,,fulltext,,Taylor & Francis,Serial,,,,,,,10.1080/ympm20,P
Mineral Processing and Extractive Metallurgy,0371-9553,1743-2855,2000-04,109,1,,,,https://www.tandfonline.com/openurl?genre=journal&stitle=ympm20,,ympm20,,fulltext,,Taylor & Francis,Serial,,,,,,,,P
Mineral Processing and Extractive Metallurgy Review,0882-7508,1547-7401,1997-01,16,4,,,,https://www.tandfonline.com/openurl?genre=journal&stitle=gmpr20,,gmpr20,,fulltext,,Taylor & Francis,Serial,,,,,,,,P
Mining Technology,2572-6668,2572-6676,2018-01,127,1,,,,https://www.tandfonline.com/openurl?genre=journal&stitle=ymnt21,,ymnt21,,fulltext,,Taylor & Francis,Serial,,,,,,,10.1080/ymnt20,P
Mining Technology,1474-9009,1743-2863,2000-04,109,1,,,,https://www.tandfonline.com/openurl?genre=journal&stitle=ymnt20,,ymnt20,,fulltext,,Taylor & Francis,Serial,,,,,,,,P
Nanoscale and Microscale Thermophysical Engineering,1556-7265,1556-7273,2006-04,10,1,,,,https://www.tandfonline.com/openurl?genre=journal&stitle=umte20,,umte20,,fulltext,,Taylor & Francis,Serial,,,,,,,10.1080/umte19,P
New Review of Hypermedia and Multimedia,1361-4568,1740-7842,1997-01,3,1,,,,https://www.tandfonline.com/openurl?genre=journal&stitle=tham20,,tham20,,fulltext,,Taylor & Francis,Serial,,,,,,,10.1080/tham19,P
Nondestructive Testing and Evaluation,1058-9759,1477-2671,1997-01,13,2,,,,https://www.tandfonline.com/openurl?genre=journal&stitle=gnte20,,gnte20,,fulltext,,Taylor & Francis,Serial,,,,,,,10.1080/gnte19,P
Nuclear Science and Engineering,0029-5639,1943-748X,1997-01,125,1,,,,https://www.tandfonline.com/openurl?genre=journal&stitle=unse20,,unse20,,fulltext,,Taylor & Francis,Serial,,,,,,,,P
Nuclear Technology,0029-5450,1943-7471,1997-01,117,1,,,,https://www.tandfonline.com/openurl?genre=journal&stitle=unct20,,unct20,,fulltext,,Taylor & Francis,Serial,,,,,,,10.1080/unct19,P
"Numerical Heat Transfer, Part A: Applications",1040-7782,1521-0634,1997-01,31,1,,,,https://www.tandfonline.com/openurl?genre=journal&stitle=unht20,,unht20,,fulltext,,Taylor & Francis,Serial,,,,,,,10.1080/unht19,P
"Numerical Heat Transfer, Part B: Fundamentals",1040-7790,1521-0626,1997-01,31,1,,,,https://www.tandfonline.com/openurl?genre=journal&stitle=unhb20,,unhb20,,fulltext,,Taylor & Francis,Serial,,,,,,,10.1080/unht19,P
Ozone: Science & Engineering,0191-9512,1547-6545,1997-01,19,1,,,,https://www.tandfonline.com/openurl?genre=journal&stitle=bose20,,bose20,,fulltext,,Taylor & Francis,Serial,,,,,,,,P
Parallel Algorithms and Applications,1063-7192,,1997-01,10,03-Apr,2004-12,19,4,https://www.tandfonline.com/openurl?genre=journal&stitle=gpaa19,,gpaa19,,fulltext,,Taylor & Francis,Serial,,,,,,,,P
Particulate Science and Technology,0272-6351,1548-0046,1997-01,15,1,,,,https://www.tandfonline.com/openurl?genre=journal&stitle=upst20,,upst20,,fulltext,,Taylor & Francis,Serial,,,,,,,,P
Petroleum Science and Technology,1091-6466,1532-2459,1997-02,15,01-Feb,,,,https://www.tandfonline.com/openurl?genre=journal&stitle=lpet20,,lpet20,,fulltext,,Taylor & Francis,Serial,,,,,,,10.1080/lpet19,P
Production Planning & Control,0953-7287,1366-5871,1997-01,8,1,,,,https://www.tandfonline.com/openurl?genre=journal&stitle=tppc20,,tppc20,,fulltext,,Taylor & Francis,Serial,,,,,,,,P
Quality Engineering,0898-2112,1532-4222,1997-01,9,3,,,,https://www.tandfonline.com/openurl?genre=journal&stitle=lqen20,,lqen20,,fulltext,,Taylor & Francis,Serial,,,,,,,,P
Quality Management Journal,1068-6967,2575-6222,1997-01,4,2,,,,https://www.tandfonline.com/openurl?genre=journal&stitle=uqmj20,,uqmj20,,fulltext,,Taylor & Francis,Serial,,,,,,,,P
Quality Technology & Quantitative Management,,1684-3703,2004-01,1,1,,,,https://www.tandfonline.com/openurl?genre=journal&stitle=ttqm20,,ttqm20,,fulltext,,Taylor & Francis,Serial,,,,,,,,P
Quantitative InfraRed Thermography Journal,1768-6733,2116-7176,2004-06,1,1,,,,https://www.tandfonline.com/openurl?genre=journal&stitle=tqrt20,,tqrt20,,fulltext,,Taylor & Francis,Serial,,,,,,,,P
Remote Sensing Letters,2150-704X,2150-7058,2010-03,1,1,,,,https://www.tandfonline.com/openurl?genre=journal&stitle=trsl20,,trsl20,,fulltext,,Taylor & Francis,Serial,,,,,,,,P
Remote Sensing Reviews,0275-7257,,1997-02,15,01-Apr,,,,https://www.tandfonline.com/openurl?genre=journal&stitle=grsr20,,grsr20,,fulltext,,Taylor & Francis,Serial,,,,,,,,P
Research in Nondestructive Evaluation,0934-9847,1432-2110,1997-01,9,1,,,,https://www.tandfonline.com/openurl?genre=journal&stitle=urnd20,,urnd20,,fulltext,,Taylor & Francis,Serial,,,,,,,,P
Road Materials and Pavement Design,1468-0629,2164-7402,2000-01,1,01-Feb,,,,https://www.tandfonline.com/openurl?genre=journal&stitle=trmp20,,trmp20,,fulltext,,Taylor & Francis,Serial,,,,,,,,P
Safety and Reliability,0961-7353,2469-4126,1997-06,17,1,,,,https://www.tandfonline.com/openurl?genre=journal&stitle=tsar20,,tsar20,,fulltext,,Taylor & Francis,Serial,,,,,,,,P
Science and Technology for the Built Environment,2374-4731,2374-474X,2015-01,21,1,,,,https://www.tandfonline.com/openurl?genre=journal&stitle=uhvc21,,uhvc21,,fulltext,,Taylor & Francis,Serial,,,,,,,10.1080/uhvc20,P
Science and Technology of Welding and Joining,1362-1718,1743-2936,1997-02,2,1,,,,https://www.tandfonline.com/openurl?genre=journal&stitle=ystw20,,ystw20,,fulltext,,Taylor & Francis,Serial,,,,,,,,P
Separation & Purification Reviews,1542-2119,1542-2127,2003-01,32,1,,,,https://www.tandfonline.com/openurl?genre=journal&stitle=lspr20,,lspr20,,fulltext,,Taylor & Francis,Serial,,,,,,,10.1080/lspr19,P
Separation Science and Technology,0149-6395,1520-5754,1997-01,32,01-Apr,,,,https://www.tandfonline.com/openurl?genre=journal&stitle=lsst20,,lsst20,,fulltext,,Taylor & Francis,Serial,,,,,,,10.1080/lsst19,P
Separation and Purification Methods,0360-2540,,1997-01,26,1,2002-07,31,1,https://www.tandfonline.com/openurl?genre=journal&stitle=lspr19,,lspr19,,fulltext,,Taylor & Francis,Serial,,,,,,,,P
Ship Technology Research,0937-7255,2056-7111,2003-01,50,1,,,,https://www.tandfonline.com/openurl?genre=journal&stitle=ystr20,,ystr20,,fulltext,,Taylor & Francis,Serial,,,,,,,,P
Ships and Offshore Structures,1744-5302,1754-212X,2006-01,1,1,,,,https://www.tandfonline.com/openurl?genre=journal&stitle=tsos20,,tsos20,,fulltext,,Taylor & Francis,Serial,,,,,,,,P
Smart Science,,2308-0477,2013-01,1,1,,,,https://www.tandfonline.com/openurl?genre=journal&stitle=tsma20,,tsma20,,fulltext,,Taylor & Francis,Serial,,,,,,,,P
Solvent Extraction and Ion Exchange,0736-6299,1532-2262,1997-01,15,1,,,,https://www.tandfonline.com/openurl?genre=journal&stitle=lsei20,,lsei20,,fulltext,,Taylor & Francis,Serial,,,,,,,,P
Spatial Cognition & Computation,1387-5868,1542-7633,2003-03,3,1,,,,https://www.tandfonline.com/openurl?genre=journal&stitle=hscc20,,hscc20,,fulltext,,Taylor & Francis,Serial,,,,,,,,P
Structural Engineering International,1016-8664,1683-0350,1997-02,7,1,,,,https://www.tandfonline.com/openurl?genre=journal&stitle=tsei20,,tsei20,,fulltext,,Taylor & Francis,Serial,,,,,,,,P
Structure and Infrastructure Engineering,1573-2479,1744-8980,2005-03,1,1,,,,https://www.tandfonline.com/openurl?genre=journal&stitle=nsie20,,nsie20,,fulltext,,Taylor & Francis,Serial,,,,,,,,P
Supply Chain Forum: An International Journal,1625-8312,1624-6039,2000-01,1,1,,,,https://www.tandfonline.com/openurl?genre=journal&stitle=tscf20,,tscf20,,fulltext,,Taylor & Francis,Serial,,,,,,,,P
Surface Engineering,0267-0844,1743-2944,1997-01,13,1,,,,https://www.tandfonline.com/openurl?genre=journal&stitle=ysue20,,ysue20,,fulltext,,Taylor & Francis,Serial,,,,,,,,P
Systems Analysis Modelling Simulation,0232-9298,,2002-01,42,1,,,,https://www.tandfonline.com/openurl?genre=journal&stitle=gsam20,,gsam20,,fulltext,,Taylor & Francis,Serial,,,,,,,,P
Textile Progress,0040-5167,1754-2278,1997-03,26,4,,,,https://www.tandfonline.com/openurl?genre=journal&stitle=ttpr20,,ttpr20,,fulltext,,Taylor & Francis,Serial,,,,,,,,P
The Engineering Economist,0013-791X,1547-2701,1997-01,42,2,,,,https://www.tandfonline.com/openurl?genre=journal&stitle=utee20,,utee20,,fulltext,,Taylor & Francis,Serial,,,,,,,,P
The International Journal for the History of Engineering & Technology,1758-1206,1758-1214,2009-01,79,1,,,,https://www.tandfonline.com/openurl?genre=journal&stitle=yhet20,,yhet20,,fulltext,,Taylor & Francis,Serial,,,,,,,10.1080/yhet19,P
The Journal of Adhesion,0021-8464,1545-5823,1997-01,60,01-Apr,,,,https://www.tandfonline.com/openurl?genre=journal&stitle=gadh20,,gadh20,,fulltext,,Taylor & Francis,Serial,,,,,,,,P
The Journal of The Textile Institute,0040-5000,1754-2340,1997-01,88,1,,,,https://www.tandfonline.com/openurl?genre=journal&stitle=tjti20,,tjti20,,fulltext,,Taylor & Francis,Serial,,,,,,,"10.1080/jtit20,10.1080/jtip20",P
Theoretical Issues in Ergonomics Science,1463-922X,1464-536X,2000-01,1,1,,,,https://www.tandfonline.com/openurl?genre=journal&stitle=ttie20,,ttie20,,fulltext,,Taylor & Francis,Serial,,,,,,,,P
Traffic Injury Prevention,1538-9588,1538-957X,2002-03,3,1,,,,https://www.tandfonline.com/openurl?genre=journal&stitle=gcpi20,,gcpi20,,fulltext,,Taylor & Francis,Serial,,,,,,,10.1080/gcpi19,P
Transactions of the IMF,0020-2967,1745-9192,1997-01,75,1,,,,https://www.tandfonline.com/openurl?genre=journal&stitle=ytim20,,ytim20,,fulltext,,Taylor & Francis,Serial,,,,,,,,P
Transactions of the Newcomen Society,0372-0187,,1997-01,69,1,2008-07,78,2,https://www.tandfonline.com/openurl?genre=journal&stitle=yhet19,,yhet19,,fulltext,,Taylor & Francis,Serial,,,,,,,,P
Transportation Letters,1942-7867,1942-7875,2009-01,1,1,,,,https://www.tandfonline.com/openurl?genre=journal&stitle=ytrl20,,ytrl20,,fulltext,,Taylor & Francis,Serial,,,,,,,,P
Transportmetrica,1812-8602,1944-0987,2005-01,1,1,2012-11,8,6,https://www.tandfonline.com/openurl?genre=journal&stitle=ttra20,,ttra20,,fulltext,,Taylor & Francis,Serial,,,,,,,,P
Transportmetrica A: Transport Science,2324-9935,2324-9943,2013-01,9,1,,,,https://www.tandfonline.com/openurl?genre=journal&stitle=ttra21,,ttra21,,fulltext,,Taylor & Francis,Serial,,,,,,,10.1080/ttra20,P
Transportmetrica B: Transport Dynamics,2168-0566,2168-0582,2013-04,1,1,,,,https://www.tandfonline.com/openurl?genre=journal&stitle=ttrb20,,ttrb20,,fulltext,,Taylor & Francis,Serial,,,,,,,,P
"Tribology - Materials, Surfaces & Interfaces",1751-5831,1751-584X,2007-03,1,1,,,,https://www.tandfonline.com/openurl?genre=journal&stitle=ytrb20,,ytrb20,,fulltext,,Taylor & Francis,Serial,,,,,,,,P
Tribology Transactions,1040-2004,1547-397X,1997-01,40,1,,,,https://www.tandfonline.com/openurl?genre=journal&stitle=utrb20,,utrb20,,fulltext,,Taylor & Francis,Serial,,,,,,,10.1080/utrb19,P
Urban Water Journal,1573-062X,1744-9006,2004-03,1,1,,,,https://www.tandfonline.com/openurl?genre=journal&stitle=nurw20,,nurw20,,fulltext,,Taylor & Francis,Serial,,,,,,,,P
Vehicle System Dynamics,0042-3114,1744-5159,1997-01,27,1,,,,https://www.tandfonline.com/openurl?genre=journal&stitle=nvsd20,,nvsd20,,fulltext,,Taylor & Francis,Serial,,,,,,,,P
Virtual and Physical Prototyping,1745-2759,1745-2767,2006-03,1,1,,,,https://www.tandfonline.com/openurl?genre=journal&stitle=nvpp20,,nvpp20,,fulltext,,Taylor & Francis,Serial,,,,,,,,P
Welding International,0950-7116,1754-2138,1997-01,11,1,,,,https://www.tandfonline.com/openurl?genre=journal&stitle=twld20,,twld20,,fulltext,,Taylor & Francis,Serial,,,,,,,,P
Wood Material Science & Engineering,1748-0272,1748-0280,2006-03,1,1,,,,https://www.tandfonline.com/openurl?genre=journal&stitle=swoo20,,swoo20,,fulltext,,Taylor & Francis,Serial,,,,,,,,P
